Model Name,Loss,Accuracy,Precision,F1 Score,Recall_Class_0,Recall_Class_1,Recall_Class_2,AUC_Class_0,AUC_Class_1,AUC_Class_2
CNN model,0.7650917768478394,0.8158160448074341,0.8949974975426724,0.8429865005312985,0.6482758620689655,0.8097599164926931,0.9017964071856287,0.7642330966507318,0.9105779401530968,0.9597550168948857
